company_name,industry,website,city,state,zip_code,year_incorporated,company_age_years,total_funding,latest_funding_amount,latest_funding_stage,latest_funding_date,Total Approvals,Total Denials,Approval_Rate,median_salary_offered,top_job_titles_sponsored
317 LABS INC,Other Technology,317labs.com,Los Angeles,CA,90064,2017.0,8.0,83236982.0,76499968.0,Series C,2021-01-19,2.0,0.0,100.0,171400.0,['Senior Engineer']
BIOME ANALYTICS INC,Computers,biomeanalytics.com,SAN FRANCISCO,CA,94111,,,1000000.0,1000000.0,Pre-Seed,2020-02-10,2.0,0.0,100.0,80000.0,['Software Data Engineer ']
DATABRICKS INC,Other Technology,databricks.com,SAN FRANCISCO,CA,94105,2013.0,12.0,18421062869.0,1074999900.0,Series D+,2025-09-08,1640.0,8.0,99.51456310679612,149422.5,"['Software Engineer', 'Senior Software Engineer', 'Solutions Architect', 'Specialist Solutions Architect', 'Senior Solutions Engineer']"
DELOITTE TOUCHE TOHMATSU SERVICES INC,Other,,NEW YORK,NY,10112,,,5125835.0,1186200.0,Pre-Seed,2018-01-12,242.0,2.0,99.18032786885246,126600.0,"['Software Solutions Specialist ', 'Sr. Manager 1, Software Solutions Specialist', 'Sr Manager 1, Application Architecture ', 'Data Risk Assessment Services (DRAS) Manager', 'Global Audit and Assurance Business Systems Analyst- I & A ']"
DELOITTE TOUCHE TOHMATSU SERVICES LLC,Other,,NEW YORK,NY,10020,,,20658758.0,3560548.0,Seed,2024-01-12,242.0,2.0,99.18032786885246,126600.0,"['Software Solutions Specialist ', 'Sr. Manager 1, Software Solutions Specialist', 'Sr Manager 1, Application Architecture ', 'Data Risk Assessment Services (DRAS) Manager', 'Global Audit and Assurance Business Systems Analyst- I & A ']"
MOBILIO LLC,Other Technology,mobilio.com,IRVINE,CA,92612,2014.0,11.0,1000000.0,1000000.0,Pre-Seed,2014-01-31,0.0,2.0,0.0,72800.0,['Software Engineer']
SNOWFLAKE COMPUTING INC,Other Technology,snowflakecomputing.com,SAN MATEO,CA,94401,2012.0,13.0,922277408.0,449999600.0,Series D+,2018-10-09,,,,,
SNOWFLAKE INC,Other Technology,snowflake.com,SAN MATEO,CA,94402,,,1204699302.0,478802793.0,Series D+,2020-02-07,1816.0,28.0,98.4815618221258,170000.0,"['Senior Software Engineer', 'Senior Solutions Architect', 'Software Engineer', 'Senior Software Security Engineer', 'Financial Analyst']"
TWILIO INC,Other Technology,twilio.com,San Francisco,CA,94105,,,3154119411.0,378215525.0,Series D+,2021-07-14,802.0,20.0,97.5669099756691,160000.0,"['Software Engineer (L2)', 'Software Engineer (L3)', 'Machine Learning Engineer (L2)', 'Manager, Software Engineering (L4)', ' Software Engineer (L3)']"
WEIGHTS & BIASES INC,Other,weightsbiases.com,SAN FRANCISCO,CA,94103,,,49999998.0,49999998.0,Series C,2023-06-29,,,,,
ZOOX INC,Other Technology,zoox.com,MENLO PARK,CA,94025,2014.0,11.0,1042644187.0,292644187.0,Series D+,2019-10-16,1364.0,10.0,99.2721979621543,158080.0,"['Software Engineer', 'Senior Software Engineer', 'Senior Systems Engineer', 'Data Engineer', 'Senior AV Safety Data and Compliance Engineer']"
COMPOSABL INC,Other Technology,composabl.com,WALNUT CREEK,CA,94596,2023.0,2.0,10072963.0,3000000.0,Pre-Seed,2024-12-18,,,,,
MAPLEBEAR INC,Other Technology,maplebear.com,SAN FRANCISCO,CA,94105,2012.0,13.0,2529727825.0,290000000.0,Series D+,2021-10-15,498.0,4.0,99.20318725099602,185000.0,"['Senior Software Engineer', 'Senior Machine Learning Engineer', 'Software Engineer', 'Senior Data Scientist', 'Data Scientist']"
